2025-12-04 17:00:12,2025-12-04 17:04:34,6
2025-12-04 17:00:12,2025-12-04 17:04:33,6
2025-12-04 17:00:12,2025-12-04 17:04:28,6
2025-12-04 17:00:12,2025-12-04 17:04:28,6
2025-12-04 17:00:12,2025-12-04 17:04:27,6
2025-12-04 17:00:12,2025-12-04 17:04:27,6
2025-12-04 17:00:12,2025-12-04 17:04:27,6
2025-12-04 17:00:12,2025-12-04 17:04:27,6
2025-12-04 17:00:12,2025-12-04 17:04:27,6
2025-12-04 17:00:12,2025-12-04 17:04:26,6
2025-12-04 17:00:12,2025-12-04 17:04:25,6
2025-12-04 17:12:07,2025-12-04 17:13:48,11
